SKU,Наличност,Бройки,Цена
948554,Наличен,-,8.44
952744,Наличен,-,8.44
952745,Наличен,-,8.44
952746,Наличен,-,8.44
952747,Наличен,-,8.44
947906,Наличен,-,8.44
947907,Наличен,-,8.44
947908,Наличен,-,8.44
947909,Наличен,-,8.44
947910,Наличен,-,8.44
947911,Наличен,-,8.44
947912,Наличен,-,8.44
947913,Наличен,-,8.44
947914,Наличен,-,8.44
958457,Наличен,-,5.98
944593,Наличен,-,5.98
958458,Наличен,-,5.98
944594,Наличен,-,5.98
945063,Наличен,-,5.98
948541,Наличен,-,8.13
948542,Наличен,-,8.13
948543,Наличен,-,8.13
948544,Наличен,-,8.13
949899,Наличен,-,8.13
949900,Наличен,-,8.13
948545,Наличен,-,8.13
959765,Наличен,-,8.13
948546,Наличен,-,8.13
948547,Наличен,-,8.13
948548,Наличен,-,8.13
949901,Наличен,-,8.13
949902,Наличен,-,8.13
944569,Наличен,-,8.13
944570,Наличен,-,8.13
944571,Наличен,-,8.13
944572,Наличен,-,8.13
952754,Наличен,-,8.13
952755,Наличен,-,8.13
952756,Наличен,-,8.13
944573,Наличен,-,8.13
944574,Наличен,-,8.13
944575,Наличен,-,8.13
944576,Наличен,-,8.13
952757,Наличен,-,8.13
952758,Наличен,-,8.13
952759,Наличен,-,8.13
952748,Наличен,-,8.13
952749,Наличен,-,8.13
952750,Наличен,-,8.13
952751,Наличен,-,8.13
944056,Наличен,-,7.31
944057,Наличен,-,7.31
944058,Наличен,-,7.31
944059,Наличен,-,7.31
949885,Наличен,-,7.31
949886,Наличен,-,7.31
949887,Наличен,-,7.31
949888,Наличен,-,7.31
949889,Наличен,-,7.31
949890,Наличен,-,7.31
949891,Наличен,-,7.31
944060,Наличен,-,7.31
944061,Наличен,-,7.31
944062,Наличен,-,7.31
960673,Наличен,-,7.31
944063,Наличен,-,7.31
962532,Наличен,-,7.31
962533,Наличен,-,7.31
962534,Наличен,-,7.31
949892,Наличен,-,7.31
949893,Наличен,-,7.31
949894,Наличен,-,7.31
957980,Наличен,-,7.31
944577,Наличен,-,7.31
944578,Наличен,-,7.31
952760,Наличен,-,7.31
944579,Наличен,-,7.31
944580,Наличен,-,7.31
949940,Наличен,-,7.31
952752,Наличен,-,7.31
952753,Наличен,-,7.31
958455,Наличен,-,7.31
944581,Наличен,-,7.31
944582,Наличен,-,7.31
958456,Наличен,-,7.31
944583,Наличен,-,7.31
944584,Наличен,-,7.31
941203,Наличен,-,23.01
941204,Наличен,-,23.01
941205,Наличен,-,23.01
941206,Наличен,-,23.01
946983,Наличен,-,23.01
958891,Наличен,-,23.01
946984,Наличен,-,23.01
946985,Наличен,-,23.01
946986,Наличен,-,23.01
952316,Наличен,-,23.01
952317,Наличен,-,23.01
952318,Наличен,-,23.01
952319,Наличен,-,23.01
952313,Наличен,-,23.01
952314,Наличен,-,23.01
952315,Наличен,-,23.01
952311,Наличен,-,23.01
952312,Наличен,-,23.01
958878,Наличен,-,6.90
958877,Наличен,-,6.90
958875,Наличен,-,6.90
958876,Наличен,-,6.90
958882,Наличен,-,6.90
958881,Наличен,-,6.90
958879,Наличен,-,6.90
958880,Наличен,-,6.90
958886,Наличен,-,6.90
958885,Наличен,-,6.90
958883,Наличен,-,6.90
958884,Наличен,-,6.90
958890,Наличен,-,6.90
958889,Наличен,-,6.90
958887,Наличен,-,6.90
958888,Наличен,-,6.90
939129,Наличен,-,6.90
939132,Наличен,-,6.90
939131,Наличен,-,6.90
939098,Наличен,-,6.90
944869,Наличен,-,6.90
939130,Наличен,-,6.90
957579,Наличен,-,92.03
957580,Наличен,-,92.03
956826,Наличен,-,108.91
956824,Наличен,-,99.12
956805,Наличен,-,94.60
956808,Наличен,-,94.60
956807,Наличен,-,94.60
956803,Наличен,-,90.10
956801,Наличен,-,90.10
956802,Наличен,-,90.10
956806,Наличен,-,90.10
956813,Наличен,-,99.12
956814,Наличен,-,99.12
956816,Наличен,-,99.12
956812,Наличен,-,99.12
956821,Наличен,-,99.12
956820,Наличен,-,99.12
956819,Наличен,-,99.12
956822,Наличен,-,99.12
956823,Наличен,-,99.12
956818,Наличен,-,90.10
956800,Наличен,-,90.10
956804,Наличен,-,90.10
956809,Наличен,-,90.10
956810,Наличен,-,90.10
956811,Наличен,-,90.10
948732,Неналичен,-,13.24
948733,Неналичен,-,13.24
948734,Неналичен,-,13.24
948737,Наличен,-,27.10
948738,Наличен,-,27.10
948739,Наличен,-,27.10
948740,Наличен,-,27.10
948741,Наличен,-,27.10
958600,Наличен,-,27.10
948719,Наличен,-,29.65
948720,Наличен,-,29.65
948721,Наличен,-,29.65
948742,Наличен,-,5.60
948743,Наличен,-,5.60
948744,Наличен,-,5.60
948746,Наличен,-,5.60
948745,Наличен,-,5.60
948747,Наличен,-,5.60
948748,Наличен,-,5.60
948750,Наличен,-,5.60
948749,Наличен,-,5.60
948751,Наличен,-,5.60
948752,Наличен,-,5.60
948753,Наличен,-,5.60
951332,Наличен,-,5.60
959000,Наличен,-,92.03
958911,Наличен,-,92.03
959001,Наличен,-,92.03
958910,Наличен,-,86.41
958999,Наличен,-,86.41
958913,Наличен,-,79.25
958914,Наличен,-,79.25
958912,Наличен,-,89.00
958915,Наличен,-,71.07
958916,Наличен,-,71.07
958917,Наличен,-,71.07
958909,Наличен,-,96.63
958892,Наличен,-,96.63
958893,Наличен,-,96.63
958853,Наличен,-,111.00
958849,Наличен,-,266.89
958848,Неналичен,-,174.86
958847,Наличен,-,167.70
958850,Наличен,-,63.91
958851,Наличен,-,67.49
958852,Наличен,-,67.49
958277,Наличен,-,190.20
958278,Наличен,-,190.20
958274,Наличен,-,132.94
958275,Наличен,-,132.94
958276,Наличен,-,200.43
956958,Наличен,-,164.64
957653,Наличен,-,164.64
956515,Наличен,-,122.20
956514,Наличен,-,122.20
956143,Наличен,-,142.65
956144,Наличен,-,142.65
956145,Наличен,-,142.65
956516,Наличен,-,142.65
955678,Наличен,-,142.65
958269,Наличен,-,118.62
954808,Наличен,-,118.62
954807,Наличен,-,118.62
954806,Наличен,-,118.62
954805,Наличен,-,118.62
959973,Наличен,-,118.62
954582,Наличен,-,123.73
954581,Наличен,-,123.73
954580,Наличен,-,34.26
954579,Наличен,-,34.26
954810,Наличен,-,34.26
954135,Наличен,-,100.21
954134,Наличен,-,100.21
961102,Наличен,-,100.21
959888,Наличен,-,125.27
952070,Наличен,-,125.27
952062,Наличен,-,103.28
952061,Наличен,-,103.28
952060,Наличен,-,103.28
952059,Наличен,-,103.28
951965,Наличен,-,115.04
948778,Наличен,-,115.04
948779,Наличен,-,115.04
948780,Наличен,-,115.04
948781,Наличен,-,115.04
951967,Наличен,-,115.04
948783,Наличен,-,115.04
948775,Наличен,-,21.12
948776,Наличен,-,21.12
948777,Наличен,-,21.12
946214,Наличен,-,77.72
943913,Наличен,-,77.72
943914,Наличен,-,77.72
932707,Наличен,-,68.00
932708,Наличен,-,68.00
930487,Наличен,-,68.00
932709,Наличен,-,68.00
932710,Наличен,-,68.00
930488,Наличен,-,68.00
930489,Наличен,-,68.00
930490,Наличен,-,68.00
932711,Наличен,-,68.00
941336,Наличен,-,68.00
941337,Наличен,-,68.00
930486,Наличен,-,68.00
935752,Наличен,-,73.25
951349,Наличен,-,12.02
943019,Наличен,-,12.02
946127,Наличен,-,12.02
941952,Наличен,-,10.74
955776,Наличен,-,10.74
951347,Наличен,-,10.74
955778,Наличен,-,10.74
941953,Наличен,-,10.74
946126,Наличен,-,10.74
945809,Наличен,-,13.96
936239,Наличен,-,13.96
936240,Наличен,-,13.96
945810,Наличен,-,13.96
936241,Наличен,-,13.96
936242,Наличен,-,13.96
951331,Наличен,-,13.96
190907,Наличен,-,13.19
190908,Наличен,-,13.19
190909,Наличен,-,13.19
947335,Наличен,-,38.86
947336,Наличен,-,38.86
947332,Наличен,-,29.65
947333,Наличен,-,29.65
947334,Наличен,-,29.65
926930,Неналичен,-,14.83
927231,Неналичен,-,14.83
926931,Неналичен,-,14.83
926932,Неналичен,-,14.83
927233,Неналичен,-,14.83
927232,Неналичен,-,14.83
955850,Наличен,-,50.62
955851,Наличен,-,50.62
948332,Наличен,-,39.88
947940,Наличен,-,39.88
948735,Наличен,-,54.20
948736,Наличен,-,54.20
948327,Наличен,-,65.96
948328,Наличен,-,65.96
947399,Наличен,-,38.35
947400,Наличен,-,38.35
947401,Наличен,-,38.35
948722,Наличен,-,33.75
948723,Наличен,-,33.75
939476,Наличен,-,13.04
938297,Наличен,-,13.04
938298,Наличен,-,13.04
922769,Наличен,-,40.39
922770,Наличен,-,40.39
922772,Наличен,-,40.39
922765,Неналичен,-,2.66
922766,Неналичен,-,2.66
922768,Неналичен,-,2.66
932655,Наличен,-,24.49
932656,Наличен,-,24.49
932657,Наличен,-,24.49
926925,Наличен,-,33.23
922813,Наличен,-,43.46
922814,Наличен,-,43.46
920507,Наличен,-,11.50
920508,Наличен,-,11.50
920509,Наличен,-,11.50
920510,Наличен,-,11.50
921296,Наличен,-,22.60
920505,Наличен,-,22.60
921173,Наличен,-,22.60
171205,Наличен,-,16.77
171206,Наличен,-,16.77
171207,Наличен,-,16.77
171212,Наличен,-,14.06
171213,Наличен,-,14.06
171214,Наличен,-,14.06
171215,Наличен,-,14.06
920468,Наличен,-,14.06
171210,Наличен,-,11.86
171211,Наличен,-,11.86
171208,Наличен,-,10.02
171209,Наличен,-,10.02
941908,Наличен,-,17.08
941909,Наличен,-,17.08
932614,Наличен,-,42.95
932615,Наличен,-,42.95
948756,Наличен,-,5.37
948757,Наличен,-,5.37
948758,Наличен,-,5.37
932605,Наличен,-,23.72
932606,Наличен,-,23.72
932607,Наличен,-,23.72
944926,Наличен,-,23.72
944927,Наличен,-,23.72
933224,Наличен,-,5.93
931710,Наличен,-,5.93
931711,Наличен,-,5.93
931712,Наличен,-,5.93
920470,Наличен,-,15.95
920471,Наличен,-,15.95
920472,Наличен,-,15.95
920473,Наличен,-,15.95
920474,Наличен,-,15.95
150601,Наличен,-,9.61
150602,Наличен,-,9.61
150603,Наличен,-,9.61
150604,Наличен,-,9.61
150605,Наличен,-,9.61
920469,Наличен,-,9.61
935289,Наличен,-,27.35
935290,Наличен,-,27.35
935291,Наличен,-,27.35
923025,Наличен,-,14.73
923026,Наличен,-,14.73
923027,Наличен,-,14.73
958962,Наличен,-,12.27
958964,Наличен,-,12.27
958966,Наличен,-,12.27
958597,Наличен,-,27.10
958598,Наличен,-,27.10
958599,Наличен,-,27.10
932799,Наличен,-,27.10
932800,Наличен,-,27.10
932801,Наличен,-,27.10
959361,Наличен,-,122.71
943217,Наличен,-,8.08
943218,Наличен,-,8.08
948701,Наличен,-,31.96
948702,Наличен,-,31.96
948703,Наличен,-,31.96
948710,Наличен,-,70.56
948707,Наличен,-,53.69
948708,Наличен,-,53.69
948709,Наличен,-,53.69
948759,Наличен,-,17.79
948760,Наличен,-,17.79
948761,Наличен,-,17.79
948762,Наличен,-,17.79
948724,Неналичен,-,38.86
948725,Неналичен,-,38.86
948726,Неналичен,-,38.86
948727,Наличен,-,36.81
948728,Наличен,-,36.81
948729,Наличен,-,36.81
948730,Наличен,-,36.81
948731,Наличен,-,36.81
944981,Наличен,-,55.00
944982,Наличен,-,55.00
943215,Наличен,-,16.00
943216,Наличен,-,16.00
943213,Наличен,-,68.06
943214,Наличен,-,68.06
928448,Наличен,-,23.67
928222,Наличен,-,23.67
928447,Наличен,-,23.67
927235,Наличен,-,31.70
926927,Наличен,-,31.70
927236,Наличен,-,31.70
926928,Наличен,-,31.70
927234,Неналичен,-,29.65
926926,Неналичен,-,29.65
938105,Наличен,-,41.87
932705,Наличен,-,38.55
932706,Наличен,-,38.55
932703,Наличен,-,33.39
932704,Наличен,-,33.39
929958,Наличен,-,55.73
929959,Наличен,-,55.73
922773,Наличен,-,11.50
922774,Наличен,-,11.50
948330,Наличен,-,6.08
947941,Наличен,-,6.08
948331,Наличен,-,6.08
932611,Наличен,-,11.86
932612,Наличен,-,11.86
201512,Наличен,-,40.39
928221,Наличен,-,40.39
958507,Наличен,-,39.88
948716,Неналичен,-,69.02
948711,Наличен,-,47.04
948712,Наличен,-,47.04
948713,Наличен,-,47.04
948714,Наличен,-,47.04
948715,Наличен,-,47.04
950813,Наличен,-,47.04
948717,Наличен,-,47.04
937120,Наличен,-,21.47
937118,Наличен,-,65.45
937119,Наличен,-,65.45
948764,Наличен,-,5.57
948765,Наличен,-,5.57
948766,Наличен,-,5.57
950801,Наличен,-,5.57
948769,Неналичен,-,56.24
948768,Неналичен,-,53.69
944347,Наличен,-,33.23
929956,Наличен,-,33.23
944348,Наличен,-,33.23
953472,Наличен,-,33.23
929957,Наличен,-,33.23
953473,Наличен,-,33.23
953474,Наличен,-,33.23
922234,Наличен,-,12.99
922235,Наличен,-,12.99
922236,Наличен,-,12.99
960553,Неналичен,-,14.83
960554,Неналичен,-,14.83
956043,Наличен,-,17.33
956044,Наличен,-,17.33
956045,Наличен,-,17.33
948771,Наличен,-,47.55
948770,Наличен,-,47.55
948754,Наличен,-,60.84
948755,Наличен,-,60.84
923028,Наличен,-,2.97
923029,Наличен,-,2.97
100903,Наличен,-,23.42
927286,Наличен,-,23.42
935747,Наличен,-,4.86
935748,Наличен,-,4.86
947828,Наличен,-,10.74
930203,Наличен,-,1.12
930204,Наличен,-,1.12
930205,Наличен,-,1.12
953471,Наличен,-,44.80
953557,Наличен,-,23.78
953558,Наличен,-,23.78
953559,Наличен,-,23.78
955579,Наличен,-,6.08
955580,Наличен,-,6.08
955581,Наличен,-,6.08
955582,Наличен,-,6.08
954169,Наличен,-,55.00
954170,Наличен,-,55.00
954177,Наличен,-,78.23
954416,Наличен,-,44.99
955020,Наличен,-,35.28
953961,Наличен,-,35.28
954164,Наличен,-,68.00
954172,Наличен,-,68.00
954438,Наличен,-,86.92
954165,Наличен,-,86.92
954152,Наличен,-,33.23
954163,Наличен,-,101.24
953975,Наличен,-,94.59
955338,Наличен,-,94.59
953977,Наличен,-,40.50
954441,Наличен,-,40.50
954442,Наличен,-,40.50
954157,Наличен,-,38.86
954746,Наличен,-,38.86
954747,Наличен,-,38.86
954748,Наличен,-,38.86
954158,Наличен,-,38.86
954179,Неналичен,-,39.88
954180,Неналичен,-,39.88
953985,Неналичен,-,39.88
954449,Неналичен,-,39.88
954454,Наличен,-,58.80
954455,Наличен,-,58.80
954456,Наличен,-,58.80
954181,Наличен,-,58.80
954751,Наличен,-,79.25
954752,Наличен,-,79.25
954917,Наличен,-,79.25
954753,Наличен,-,79.25
954754,Наличен,-,100.21
956335,Наличен,-,100.21
955241,Наличен,-,100.21
955250,Наличен,-,100.21
954755,Наличен,-,100.21
955251,Наличен,-,100.21
955021,Наличен,-,88.45
954439,Наличен,-,88.45
955339,Наличен,-,99.70
955386,Наличен,-,129.36
955337,Наличен,-,54.20
954426,Наличен,-,54.20
956843,Наличен,-,80.78
956842,Наличен,-,80.78
956642,Наличен,-,80.78
956477,Наличен,-,80.78
956478,Наличен,-,80.78
956479,Наличен,-,80.78
956644,Наличен,-,80.78
956480,Наличен,-,80.78
940939,Наличен,-,8.00
940940,Наличен,-,8.00
940941,Наличен,-,8.00
954167,Наличен,-,80.00
954168,Наличен,-,80.00
953970,Наличен,-,63.91
953955,Наличен,-,27.90
953957,Наличен,-,27.90
954161,Наличен,-,27.90
953986,Наличен,-,48.57
954572,Наличен,-,48.57
953987,Наличен,-,48.57
954668,Наличен,-,70.00
953971,Наличен,-,70.00
953959,Наличен,-,180.49
954431,Наличен,-,70.56
954432,Наличен,-,70.56
955237,Наличен,-,70.56
954417,Наличен,-,26.50
953950,Наличен,-,26.50
954156,Наличен,-,26.50
954419,Наличен,-,26.50
953951,Наличен,-,41.50
100905,Наличен,-,4.81
920758,Наличен,-,4.81
100904,Наличен,-,4.81
949203,Наличен,-,10.74
949204,Наличен,-,10.74
949205,Наличен,-,10.74
938787,Наличен,-,4.86
938788,Наличен,-,4.86
945288,Наличен,-,1.33
930208,Наличен,-,1.12
930209,Наличен,-,1.12
930214,Наличен,-,1.12
947825,Наличен,-,7.67
947827,Наличен,-,7.67
943993,Наличен,-,0.77
943994,Наличен,-,0.77
943990,Наличен,-,0.66
943991,Наличен,-,0.66
943992,Наличен,-,0.66
934006,Наличен,-,4.81
934005,Наличен,-,4.81
930215,Наличен,-,1.12
930216,Наличен,-,1.12
949544,Наличен,-,1.12
933370,Наличен,-,1.12
949545,Наличен,-,1.12
920757,Наличен,-,5.88
100902,Наличен,-,5.88
937644,Наличен,-,5.57
937642,Наличен,-,5.57
937643,Наличен,-,5.57
932724,Наличен,-,123.07
937640,Наличен,-,7.77
937641,Наличен,-,7.77
948255,Наличен,-,63.91
942307,Наличен,-,26.59
942308,Наличен,-,26.59
930213,Наличен,-,17.64
935749,Наличен,-,17.64
933369,Наличен,-,23.35
948254,Неналичен,-,48.57
948252,Наличен,-,40.90
948253,Наличен,-,40.90
947788,Наличен,-,32.21
947785,Наличен,-,32.21
947789,Наличен,-,32.21
947786,Наличен,-,32.21
947790,Наличен,-,32.21
947787,Наличен,-,32.21
947816,Наличен,-,4.35
947817,Наличен,-,4.35
947818,Наличен,-,4.35
947819,Наличен,-,4.35
947824,Наличен,-,7.67
947826,Наличен,-,7.67
945261,Наличен,-,33.39
945262,Наличен,-,33.39
945263,Наличен,-,33.39
944896,Наличен,-,25.56
944897,Наличен,-,25.56
944898,Наличен,-,25.56
944899,Наличен,-,25.56
945665,Неналичен,-,70.41
960886,Наличен,-,9.97
960887,Наличен,-,9.97
960885,Наличен,-,9.97
942302,Наличен,-,0.66
942303,Наличен,-,0.66
940934,Наличен,-,14.50
940935,Наличен,-,14.50
940936,Наличен,-,14.50
940937,Наличен,-,14.50
936727,Наличен,-,26.98
936728,Наличен,-,26.98
935695,Неналичен,-,81.55
935693,Неналичен,-,26.69
935694,Неналичен,-,26.69
933885,Наличен,-,9.90
932033,Наличен,-,4.55
930206,Наличен,-,1.12
930207,Наличен,-,1.12
930210,Наличен,-,1.12
930211,Наличен,-,1.12
930212,Наличен,-,1.12
940022,Неналичен,-,80.99
942354,Наличен,-,157.37
961000,Наличен,-,73.11
962271,Наличен,-,73.11
960999,Наличен,-,73.11
958353,Наличен,-,38.90
958354,Наличен,-,38.90
958355,Наличен,-,37.20
959596,Наличен,-,37.20
958344,Наличен,-,65.45
958345,Наличен,-,65.45
958346,Наличен,-,65.45
953367,Наличен,-,15.59
953368,Наличен,-,15.59
953369,Наличен,-,15.59
953370,Наличен,-,15.59
948161,Наличен,-,28.12
948159,Неналичен,-,45.50
948168,Наличен,-,29.14
948160,Неналичен,-,47.04
948167,Наличен,-,32.21
948166,Наличен,-,32.21
952109,Наличен,-,6.44
952110,Наличен,-,6.44
952111,Наличен,-,6.44
952112,Наличен,-,6.44
952113,Наличен,-,6.44
952114,Наличен,-,6.44
952115,Наличен,-,6.44
952116,Наличен,-,6.44
952117,Наличен,-,6.44
952118,Наличен,-,6.44
952119,Наличен,-,6.44
952120,Наличен,-,6.44
949042,Наличен,-,18.00
949599,Наличен,-,20.25
942091,Наличен,-,19.89
944541,Наличен,-,19.89
942090,Наличен,-,19.89
941573,Наличен,-,19.89
946966,Наличен,-,19.68
944779,Наличен,-,19.68
951292,Наличен,-,9.20
946965,Наличен,-,9.20
946274,Неналичен,-,7.98
940074,Наличен,-,2.50
940075,Наличен,-,2.50
940356,Наличен,-,2.50
940562,Наличен,-,10.69
940563,Наличен,-,10.69
940560,Наличен,-,22.91
940561,Наличен,-,22.91
940558,Наличен,-,11.35
940559,Наличен,-,11.35
944776,Наличен,-,11.35
940556,Наличен,-,13.96
940557,Наличен,-,13.96
940552,Наличен,-,15.44
940553,Наличен,-,15.44
937434,Неналичен,-,9.87
937435,Неналичен,-,9.87
937436,Неналичен,-,9.87
952138,Наличен,-,29.00
952139,Наличен,-,29.00
952140,Наличен,-,29.00
952141,Наличен,-,29.00
952142,Наличен,-,29.00
952143,Наличен,-,29.00
952144,Наличен,-,29.00
952407,Наличен,-,29.40
952131,Наличен,-,29.40
952408,Наличен,-,29.40
952132,Наличен,-,29.40
952409,Наличен,-,29.40
951615,Наличен,-,29.40
952133,Наличен,-,29.40
952134,Наличен,-,29.40
952135,Наличен,-,29.40
952136,Наличен,-,29.40
956003,Наличен,-,29.40
952137,Наличен,-,29.40
956004,Наличен,-,29.40
951610,Наличен,-,13.04
951611,Наличен,-,13.04
951612,Наличен,-,13.04
951613,Наличен,-,13.04
951614,Наличен,-,13.04
956001,Наличен,-,20.45
956002,Наличен,-,20.45
952129,Наличен,-,20.45
952130,Наличен,-,20.45
951601,Наличен,-,20.45
951602,Наличен,-,20.45
956393,Наличен,-,20.45
951603,Наличен,-,20.45
951604,Наличен,-,20.45
951605,Наличен,-,20.45
951606,Наличен,-,20.45
951607,Наличен,-,20.45
951608,Наличен,-,20.45
951609,Наличен,-,20.45
946863,Неналичен,-,8.95
946864,Неналичен,-,8.95
946220,Наличен,-,9.31
946950,Наличен,-,5.51
946951,Наличен,-,5.51
946952,Наличен,-,5.51
946953,Наличен,-,5.51
946954,Наличен,-,5.51
946955,Наличен,-,5.51
946956,Наличен,-,5.51
946957,Наличен,-,5.51
946958,Наличен,-,5.51
946959,Наличен,-,5.51
946960,Наличен,-,5.51
946961,Наличен,-,5.51
946962,Наличен,-,5.51
937438,Неналичен,-,5.71
937439,Неналичен,-,5.71
937440,Неналичен,-,5.71
937441,Неналичен,-,5.71
937442,Неналичен,-,5.71
937443,Неналичен,-,5.71
946859,Неналичен,-,5.71
937444,Неналичен,-,5.71
944027,Неналичен,-,5.71
944013,Неналичен,-,5.71
944014,Неналичен,-,5.71
946945,Неналичен,-,5.71
946946,Неналичен,-,5.71
946947,Неналичен,-,5.71
946948,Неналичен,-,5.71
946949,Неналичен,-,5.71
362446,Наличен,-,1.35
362409,Наличен,-,1.35
362410,Наличен,-,1.35
362411,Наличен,-,1.35
362412,Наличен,-,1.35
362413,Наличен,-,1.35
362414,Наличен,-,1.35
362415,Наличен,-,1.35
929350,Наличен,-,1.35
947327,Наличен,-,1.35
944905,Наличен,-,1.35
944906,Наличен,-,1.35
944907,Наличен,-,1.35
944908,Наличен,-,1.35
944909,Наличен,-,1.35
944910,Наличен,-,1.35
944911,Наличен,-,1.35
944912,Наличен,-,1.35
944913,Наличен,-,1.35
362485,Наличен,-,1.35
362486,Наличен,-,1.35
362487,Наличен,-,1.35
362488,Наличен,-,1.35
362489,Наличен,-,1.35
920746,Наличен,-,1.35
920747,Наличен,-,1.35
920748,Наличен,-,1.35
944904,Наличен,-,1.35
947328,Наличен,-,1.35
936307,Наличен,-,9.10
936308,Наличен,-,9.10
936309,Наличен,-,9.10
936310,Наличен,-,9.10
936311,Наличен,-,9.10
936312,Наличен,-,9.10
931112,Наличен,-,2.45
931113,Наличен,-,2.45
931114,Наличен,-,2.45
931115,Наличен,-,2.45
931116,Наличен,-,2.45
931117,Наличен,-,2.45
931118,Наличен,-,2.45
937388,Наличен,-,2.45
937389,Наличен,-,2.45
937390,Наличен,-,2.45
946731,Наличен,-,2.45
946732,Наличен,-,2.45
931105,Наличен,-,6.14
931106,Наличен,-,6.14
931107,Наличен,-,6.14
931108,Наличен,-,6.14
931109,Наличен,-,6.14
931110,Наличен,-,6.14
931111,Наличен,-,6.14
937385,Наличен,-,6.14
937386,Наличен,-,6.14
937387,Наличен,-,6.14
946729,Наличен,-,6.14
946730,Наличен,-,6.14
928254,Наличен,-,12.53
928255,Наличен,-,12.53
928256,Наличен,-,12.53
928258,Наличен,-,12.53
928260,Наличен,-,12.53
928262,Наличен,-,12.53
928263,Наличен,-,12.53
928264,Наличен,-,12.53
928257,Наличен,-,12.53
928259,Наличен,-,12.53
928631,Наличен,-,5.88
928632,Наличен,-,5.88
928633,Наличен,-,5.88
928634,Наличен,-,5.88
928635,Наличен,-,5.88
928459,Наличен,-,4.35
928460,Наличен,-,4.35
928461,Наличен,-,4.35
928462,Наличен,-,4.35
928463,Наличен,-,4.35
928464,Наличен,-,4.35
928465,Наличен,-,4.35
928466,Наличен,-,4.35
928467,Наличен,-,4.35
928468,Наличен,-,4.35
928469,Наличен,-,4.35
951152,Наличен,-,13.80
951153,Наличен,-,13.80
951154,Наличен,-,13.80
951155,Наличен,-,13.80
951156,Наличен,-,13.80
951146,Наличен,-,13.80
951147,Наличен,-,13.80
951148,Наличен,-,13.80
951149,Наличен,-,13.80
951150,Наличен,-,13.80
951151,Наличен,-,13.80
950403,Наличен,-,60.77
360938,Наличен,-,3.32
950183,Наличен,-,43.50
950184,Наличен,-,43.50
950185,Наличен,-,43.50
950186,Наличен,-,43.50
360947,Наличен,-,3.58
360997,Наличен,-,2.05
360472,Наличен,-,2.05
360473,Наличен,-,2.05
360474,Наличен,-,2.05
360475,Наличен,-,2.05
360476,Наличен,-,2.05
360477,Наличен,-,2.05
360478,Наличен,-,2.05
360956,Наличен,-,4.60
360957,Наличен,-,4.60
360958,Наличен,-,4.60
360959,Наличен,-,4.60
360960,Наличен,-,4.60
360961,Наличен,-,4.60
360962,Наличен,-,4.60
360963,Наличен,-,4.60
360964,Наличен,-,4.60
360965,Наличен,-,4.60
947056,Наличен,-,9.71
947057,Наличен,-,9.71
947058,Наличен,-,9.71
947025,Наличен,-,18.41
947026,Наличен,-,18.41
947027,Наличен,-,18.41
947031,Неналичен,-,17.13
947032,Неналичен,-,17.13
947033,Неналичен,-,17.13
947028,Неналичен,-,18.41
947029,Неналичен,-,18.41
947030,Неналичен,-,18.41
949760,Неналичен,-,19.02
940291,Наличен,-,56.74
942511,Наличен,-,34.97
946036,Наличен,-,19.90
938150,Наличен,-,19.90
938151,Наличен,-,19.90
938152,Наличен,-,19.90
938153,Наличен,-,19.90
946037,Наличен,-,19.90
946034,Наличен,-,19.90
946035,Наличен,-,19.90
941130,Наличен,-,19.90
938154,Наличен,-,19.90
938155,Наличен,-,19.90
938156,Наличен,-,19.90
931100,Наличен,-,19.90
931101,Наличен,-,19.90
931102,Наличен,-,19.90
934197,Наличен,-,19.90
931103,Наличен,-,19.90
938147,Наличен,-,19.90
931104,Наличен,-,19.90
934198,Наличен,-,19.90
947329,Наличен,-,19.90
947330,Наличен,-,19.90
947331,Наличен,-,19.90
955634,Наличен,-,12.27
930705,Наличен,-,12.27
930706,Наличен,-,12.27
930707,Наличен,-,12.27
930708,Наличен,-,12.27
930709,Наличен,-,8.44
930710,Наличен,-,8.44
930711,Наличен,-,8.44
936323,Наличен,-,8.44
930712,Наличен,-,8.44
930713,Наличен,-,8.44
956589,Наличен,-,7.66
945216,Наличен,-,7.66
945217,Наличен,-,7.66
945218,Наличен,-,7.66
945219,Наличен,-,7.66
945220,Наличен,-,7.66
945221,Наличен,-,7.66
945222,Наличен,-,7.66
945223,Наличен,-,7.66
934104,Наличен,-,12.02
934105,Наличен,-,12.02
934106,Наличен,-,12.02
934107,Наличен,-,12.02
942398,Наличен,-,15.80
942399,Наличен,-,15.80
942400,Наличен,-,15.80
942401,Наличен,-,15.80
942402,Наличен,-,15.80
942403,Наличен,-,15.80
942404,Наличен,-,15.80
942405,Наличен,-,15.80
942406,Наличен,-,15.80
942407,Наличен,-,15.80
943729,Наличен,-,15.80
943730,Наличен,-,15.80
943731,Наличен,-,15.80
943732,Наличен,-,15.80
943733,Наличен,-,15.80
951264,Наличен,-,108.39
950715,Наличен,-,70.00
375161,Неналичен,-,29.65
375158,Неналичен,-,29.65
377909,Неналичен,-,29.65
375180,Неналичен,-,29.65
937303,Неналичен,-,58.80
956049,Неналичен,-,53.69
954068,Неналичен,-,17.13
954065,Наличен,-,21.47
949207,Наличен,-,53.69
951258,Наличен,-,53.69
925622,Наличен,-,4.60
925623,Наличен,-,4.60
928387,Наличен,-,6.95
923342,Наличен,-,2.45
925107,Наличен,-,7.16
374420,Наличен,-,1.79
374421,Наличен,-,1.94
376941,Наличен,-,1.79
374179,Неналичен,-,0.92
374180,Неналичен,-,0.97
374182,Наличен,-,1.04
374183,Наличен,-,1.18
374457,Наличен,-,1.94
374419,Наличен,-,2.15
374437,Наличен,-,4.40
374185,Наличен,-,4.51
374130,Наличен,-,4.10
372108,Наличен,-,2.60
920461,Наличен,-,2.30
920462,Наличен,-,2.30
376017,Наличен,-,2.05
920347,Наличен,-,6.14
920348,Наличен,-,6.14
374456,Наличен,-,9.31
921152,Наличен,-,42.44
376908,Наличен,-,13.09
376006,Наличен,-,14.06
932566,Наличен,-,5.57
945546,Наличен,-,7.62
944748,Наличен,-,1.84
944747,Наличен,-,1.84
944742,Наличен,-,1.53
944741,Наличен,-,1.79
944743,Неналичен,-,5.06
944744,Наличен,-,3.58
951291,Наличен,-,13.50
950536,Неналичен,-,80.99
931018,Наличен,-,18.56
949585,Наличен,-,51.13
927659,Наличен,-,10.74
926784,Наличен,-,2.15
922683,Неналичен,-,1.46
922685,Наличен,-,3.64
930740,Наличен,-,5.11
940000,Наличен,-,16.51
940001,Наличен,-,16.51
944895,Наличен,-,1.99
944892,Неналичен,-,16.00
949783,Неналичен,-,16.00
929767,Неналичен,-,0.97
929768,Неналичен,-,0.97
929769,Неналичен,-,0.97
376940,Наличен,-,0.86
920871,Наличен,-,0.86
920872,Наличен,-,0.86
374477,Наличен,-,0.92
374436,Наличен,-,0.92
374145,Неналичен,-,1.12
374146,Наличен,-,0.92
374147,Наличен,-,0.97
374148,Наличен,-,0.97
374149,Наличен,-,1.12
372558,Наличен,-,1.99
372559,Наличен,-,1.99
372560,Наличен,-,1.99
372561,Наличен,-,1.99
372562,Наличен,-,1.99
372563,Наличен,-,1.99
372595,Наличен,-,1.99
372589,Наличен,-,1.99
936373,Наличен,-,20.40
936374,Наличен,-,20.40
936375,Наличен,-,20.40
936376,Наличен,-,19.58
936377,Наличен,-,19.58
936378,Наличен,-,19.58
952215,Наличен,-,1.43
937600,Наличен,-,0.53
940400,Наличен,-,3.02
940854,Наличен,-,4.35
940849,Наличен,-,4.35
943930,Наличен,-,4.35
940862,Наличен,-,2.86
940861,Наличен,-,2.86
940850,Наличен,-,5.50
940847,Наличен,-,5.50
940852,Наличен,-,5.50
948659,Наличен,-,0.67
936673,Наличен,-,0.67
936674,Наличен,-,0.67
942772,Наличен,-,1.90
942773,Наличен,-,1.90
942774,Наличен,-,1.90
942775,Наличен,-,1.90
942768,Наличен,-,1.40
942770,Наличен,-,1.40
942760,Наличен,-,1.28
942761,Наличен,-,1.28
942762,Наличен,-,1.28
942763,Наличен,-,1.28
942766,Наличен,-,1.79
942767,Наличен,-,1.79
942754,Наличен,-,1.28
940289,Наличен,-,0.82
940290,Наличен,-,0.82
944751,Наличен,-,4.91
944752,Наличен,-,4.91
944753,Наличен,-,4.91
948976,Наличен,-,1.64
948977,Наличен,-,1.26
948978,Наличен,-,1.26
948979,Наличен,-,1.26
949947,Наличен,-,3.37
949948,Наличен,-,3.37
949949,Наличен,-,3.37
949950,Наличен,-,3.37
950360,Наличен,-,3.06
950361,Наличен,-,3.06
950488,Наличен,-,3.06
929715,Наличен,-,2.50
929716,Наличен,-,2.50
921357,Наличен,-,3.00
921358,Наличен,-,3.00
921359,Наличен,-,3.00
921360,Наличен,-,3.00
921361,Наличен,-,3.00
943529,Наличен,-,3.99
944162,Неналичен,-,9.92
945545,Наличен,-,6.90
946275,Наличен,-,12.02
946277,Наличен,-,12.02
946276,Неналичен,-,5.98
946278,Неналичен,-,5.98
954041,Наличен,-,6.41
949581,Наличен,-,9.82
949586,Наличен,-,43.46
949661,Наличен,-,16.62
949663,Наличен,-,10.38
923346,Наличен,-,0.77
925662,Наличен,-,0.77
925663,Наличен,-,0.77
925670,Наличен,-,0.77
925671,Наличен,-,0.77
374129,Наличен,-,1.12
374451,Наличен,-,1.12
374137,Наличен,-,0.77
374138,Наличен,-,0.92
374139,Неналичен,-,0.82
300483,Наличен,-,1.48
921733,Наличен,-,1.48
949366,Наличен,-,1.48
371241,Наличен,-,1.48
371240,Наличен,-,1.48
374136,Наличен,-,0.97
376902,Наличен,-,1.07
376903,Наличен,-,1.07
374128,Наличен,-,0.66
370605,Наличен,-,0.41
370606,Наличен,-,0.41
370607,Наличен,-,0.41
370608,Наличен,-,0.41
370602,Наличен,-,0.41
370601,Наличен,-,0.41
370603,Наличен,-,0.41
932301,Наличен,-,2.45
932302,Наличен,-,2.45
932010,Наличен,-,0.61
932011,Наличен,-,0.61
932012,Наличен,-,0.61
939994,Неналичен,-,4.50
940386,Наличен,-,5.01
940387,Наличен,-,5.01
950489,Наличен,-,2.20
942168,Наличен,-,2.20
949364,Наличен,-,2.20
949365,Наличен,-,2.20
943232,Наличен,-,1.94
943233,Наличен,-,1.94
942725,Наличен,-,0.51
942726,Наличен,-,0.51
942731,Наличен,-,0.51
942732,Наличен,-,0.51
942727,Наличен,-,0.61
942728,Наличен,-,0.61
942729,Наличен,-,0.61
942730,Наличен,-,0.61
942736,Наличен,-,0.82
944736,Наличен,-,1.48
944737,Наличен,-,1.48
946798,Наличен,-,0.61
949367,Наличен,-,2.30
949369,Наличен,-,9.50
949370,Наличен,-,2.45
949371,Наличен,-,2.45
940488,Неналичен,-,3.68
925637,Наличен,-,1.48
374434,Наличен,-,2.17
374435,Наличен,-,1.64
925636,Наличен,-,2.45
374447,Наличен,-,2.45
374187,Наличен,-,1.43
926492,Наличен,-,4.86
374132,Неналичен,-,1.43
374432,Наличен,-,1.50
374106,Наличен,-,0.77
374133,Наличен,-,1.43
374450,Наличен,-,2.45
374449,Наличен,-,2.45
374433,Наличен,-,2.81
374443,Наличен,-,1.12
374134,Наличен,-,5.11
374453,Наличен,-,3.32
935270,Наличен,-,2.86
935271,Наличен,-,2.86
936670,Неналичен,-,3.37
939993,Неналичен,-,3.99
939983,Наличен,-,6.65
941768,Неналичен,-,3.99
942733,Наличен,-,5.57
940846,Неналичен,-,18.51
944739,Наличен,-,1.94
940507,Наличен,-,5.60
940482,Наличен,-,4.24
940496,Наличен,-,5.37
940508,Наличен,-,5.52
944943,Наличен,-,7.41
949590,Наличен,-,7.63
949396,Неналичен,-,12.02
939985,Наличен,-,14.06
926159,Наличен,-,1.50
926160,Наличен,-,1.50
925644,Наличен,-,0.66
925645,Наличен,-,0.66
925647,Наличен,-,0.66
925648,Наличен,-,0.77
925652,Наличен,-,0.97
925653,Наличен,-,0.66
942745,Наличен,-,0.66
925654,Наличен,-,0.97
925655,Наличен,-,1.02
925656,Наличен,-,1.90
925657,Наличен,-,0.61
925658,Наличен,-,1.12
925659,Наличен,-,1.69
929589,Наличен,-,1.33
374412,Наличен,-,3.32
374413,Наличен,-,3.32
925105,Наличен,-,2.20
374120,Наличен,-,0.77
374446,Наличен,-,1.28
374122,Наличен,-,0.92
374440,Наличен,-,0.92
374469,Наличен,-,0.86
920866,Наличен,-,1.02
920875,Наличен,-,0.74
372574,Неналичен,-,0.66
372556,Наличен,-,0.87
372557,Наличен,-,0.87
923341,Наличен,-,3.89
925106,Наличен,-,2.86
376921,Наличен,-,0.97
374417,Наличен,-,0.74
376909,Наличен,-,0.92
925649,Наличен,-,0.77
934605,Наличен,-,0.77
925650,Наличен,-,0.77
932303,Наличен,-,2.50
932305,Наличен,-,2.10
932306,Наличен,-,2.10
932307,Наличен,-,2.20
933912,Наличен,-,6.29
938861,Наличен,-,6.20
949952,Неналичен,-,5.01
958483,Неналичен,-,5.01
940002,Наличен,-,5.01
958480,Наличен,-,4.99
929727,Наличен,-,1.12
942235,Наличен,-,0.60
942234,Наличен,-,1.66
942237,Наличен,-,1.15
942233,Наличен,-,0.83
943461,Наличен,-,3.80
943460,Наличен,-,3.80
944160,Наличен,-,13.29
942735,Наличен,-,0.92
942737,Наличен,-,0.77
942738,Наличен,-,0.97
942739,Наличен,-,0.97
942740,Наличен,-,0.97
942742,Наличен,-,1.28
942743,Наличен,-,1.33
942741,Наличен,-,0.77
942750,Наличен,-,0.92
942746,Наличен,-,1.02
942747,Наличен,-,1.02
942744,Наличен,-,1.33
958491,Неналичен,-,7.06
942748,Наличен,-,2.45
947127,Наличен,-,12.22
949592,Наличен,-,4.24
949591,Наличен,-,9.95
940512,Наличен,-,5.57
949767,Наличен,-,5.01
958481,Наличен,-,5.01
949522,Неналичен,-,6.03
949521,Неналичен,-,6.03
949583,Наличен,-,2.96
939981,Неналичен,-,5.01
939984,Неналичен,-,4.91
940903,Неналичен,-,3.50
944774,Неналичен,-,3.50
948055,Наличен,-,3.99
942098,Неналичен,-,5.22
949595,Наличен,-,2.86
946765,Наличен,-,13.60
946766,Наличен,-,13.60
949726,Наличен,-,5.01
951181,Наличен,-,4.50
951182,Наличен,-,6.20
951183,Наличен,-,5.11
951184,Наличен,-,5.11
945874,Наличен,-,13.96
923351,Неналичен,-,1.84
923355,Наличен,-,3.37
923356,Наличен,-,3.37
921534,Наличен,-,1.66
376928,Наличен,-,1.66
920873,Наличен,-,1.66
376931,Наличен,-,1.66
920867,Наличен,-,1.42
920868,Наличен,-,1.42
376933,Наличен,-,2.45
376934,Наличен,-,2.45
925669,Наличен,-,2.35
376935,Наличен,-,1.95
924512,Наличен,-,0.87
924517,Наличен,-,0.87
924516,Наличен,-,0.87
929351,Наличен,-,0.87
929352,Наличен,-,0.87
934610,Наличен,-,1.64
954221,Наличен,-,5.88
954222,Наличен,-,5.88
954223,Наличен,-,5.88
954224,Наличен,-,5.88
947136,Наличен,-,4.86
947137,Наличен,-,4.86
947138,Наличен,-,4.86
949582,Неналичен,-,6.80
940483,Наличен,-,4.24
940484,Наличен,-,4.24
944944,Наличен,-,4.24
950225,Наличен,-,5.37
950400,Наличен,-,6.80
950398,Наличен,-,3.17
920459,Наличен,-,10.33
920460,Наличен,-,11.50
924897,Неналичен,-,8.95
924898,Неналичен,-,9.31
952440,Наличен,-,11.40
950147,Неналичен,-,25.00
950227,Наличен,-,64.42
950402,Наличен,-,8.33
950690,Наличен,-,50.11
950691,Наличен,-,50.11
950750,Наличен,-,23.98
949823,Наличен,-,6.00
942713,Наличен,-,6.00
950875,Наличен,-,6.00
949769,Наличен,-,12.02
949770,Наличен,-,12.02
940294,Наличен,-,12.99
940062,Наличен,-,15.80
950871,Неналичен,-,9.51
935084,Наличен,-,4.50
922211,Наличен,-,26.59
944154,Наличен,-,202.50
945873,Наличен,-,63.91
949917,Неналичен,-,486.08
950482,Неналичен,-,70.41
951016,Наличен,-,16.00
950692,Наличен,-,16.00
951017,Наличен,-,16.00
951811,Наличен,-,16.00
950401,Наличен,-,40.80
943931,Наличен,-,21.57
943925,Наличен,-,21.57
951015,Неналичен,-,35.28
949924,Неналичен,-,19.02
944659,Неналичен,-,25.00
922687,Наличен,-,3.32
932744,Наличен,-,3.73
932745,Наличен,-,3.73
932746,Наличен,-,3.73
932747,Наличен,-,3.73
932748,Наличен,-,1.90
932749,Наличен,-,1.90
932750,Наличен,-,1.90
941290,Наличен,-,12.22
941291,Наличен,-,12.22
941292,Наличен,-,12.22
941293,Наличен,-,12.22
941294,Наличен,-,16.31
941296,Наличен,-,16.31
941298,Наличен,-,16.31
949409,Наличен,-,7.50
949410,Наличен,-,7.50
949407,Наличен,-,7.50
949408,Наличен,-,7.50
949411,Наличен,-,34.50
949403,Наличен,-,8.95
949404,Наличен,-,8.95
949405,Наличен,-,8.95
949406,Наличен,-,8.95
951461,Наличен,-,8.95
932735,Неналичен,-,7.77
932737,Неналичен,-,5.57
932739,Наличен,-,10.50
932740,Наличен,-,11.90
937154,Наличен,-,19.33
940674,Наличен,-,144.70
939734,Неналичен,-,10.02
939736,Наличен,-,10.12
939737,Наличен,-,6.60
939733,Наличен,-,75.67
945290,Наличен,-,75.67
939738,Неналичен,-,7.06
939735,Наличен,-,74.14
945291,Наличен,-,74.14
942156,Наличен,-,755.99
943192,Неналичен,-,36.81
944555,Наличен,-,78.23
947574,Неналичен,-,324.41
947831,Неналичен,-,324.41
949402,Неналичен,-,109.93
950585,Наличен,-,65.34
950686,Наличен,-,65.34
950685,Наличен,-,256.77
950589,Наличен,-,256.77
949208,Наличен,-,72.60
949209,Наличен,-,72.60
949210,Наличен,-,71.07
943935,Наличен,-,49.48
952018,Наличен,-,49.48
943963,Наличен,-,49.48
943932,Наличен,-,49.48
943939,Наличен,-,49.48
943947,Наличен,-,49.48
943927,Наличен,-,215.82
943928,Наличен,-,166.58
949398,Неналичен,-,23.98
949824,Наличен,-,20.04
949825,Наличен,-,20.04
949217,Наличен,-,20.04
942028,Наличен,-,20.04
949218,Наличен,-,20.04
949768,Наличен,-,20.04
950687,Наличен,-,20.04
940445,Наличен,-,387.46
954238,Наличен,-,387.46
942702,Неналичен,-,189.58
950046,Неналичен,-,30.17
960424,Наличен,-,7.62
960425,Наличен,-,7.62
960426,Наличен,-,8.64
960419,Наличен,-,9.51
960420,Наличен,-,4.86
960421,Наличен,-,4.86
960422,Наличен,-,6.60
933958,Наличен,-,84.87
957610,Неналичен,-,118.62
956289,Неналичен,-,128.00
940110,Наличен,-,62.00
941668,Наличен,-,111.46
946021,Наличен,-,68.00
946022,Наличен,-,106.86
946023,Наличен,-,113.51
955054,Наличен,-,63.91
951233,Наличен,-,196.85
951232,Наличен,-,189.18
951231,Наличен,-,127.31
951236,Наличен,-,114.02
961958,Наличен,-,91.52
940054,Наличен,-,92.00
951234,Наличен,-,127.82
946025,Наличен,-,28.12
949237,Наличен,-,171.18
947290,Наличен,-,44.99
942998,Наличен,-,23.01
943937,Неналичен,-,72.70
947046,Неналичен,-,40.39
947047,Наличен,-,23.01
943943,Неналичен,-,58.91
943936,Наличен,-,40.39
956582,Наличен,-,48.57
929523,Наличен,-,20.04
938398,Неналичен,-,5.27
929670,Наличен,-,36.81
929669,Наличен,-,75.00
943819,Наличен,-,112.74
942182,Наличен,-,94.33
951164,Наличен,-,702.21
944481,Неналичен,-,371.20
947851,Наличен,-,154.41
949840,Наличен,-,410.46
261418,Наличен,-,15.75
261419,Наличен,-,11.71
261420,Наличен,-,14.06
261416,Наличен,-,9.66
261417,Наличен,-,9.97
942610,Неналичен,-,129.76
943818,Неналичен,-,157.37
947016,Наличен,-,75.92
947017,Наличен,-,75.92
947411,Наличен,-,215.82
950168,Наличен,-,8.50
950167,Наличен,-,7.00
960242,Наличен,-,11.90
948097,Наличен,-,32.21
953400,Наличен,-,9.60
957852,Наличен,-,62.38
957856,Наличен,-,62.38
957853,Наличен,-,62.38
957854,Неналичен,-,62.89
957858,Наличен,-,50.11
957851,Наличен,-,50.11
957857,Наличен,-,31.70
957850,Наличен,-,31.70
957861,Наличен,-,38.35
921326,Наличен,-,30.68
261319,Наличен,-,6.60
261302,Наличен,-,29.65
261303,Наличен,-,29.65
261304,Наличен,-,29.65
261342,Наличен,-,29.65
261343,Наличен,-,29.65
923334,Наличен,-,52.15
954954,Наличен,-,52.15
923335,Наличен,-,52.15
929834,Наличен,-,23.78
934893,Наличен,-,41.16
929278,Наличен,-,41.16
932661,Неналичен,-,31.75
935314,Наличен,-,64.42
936730,Наличен,-,58.80
952694,Наличен,-,13.75
937917,Наличен,-,13.75
937918,Наличен,-,13.75
941441,Наличен,-,52.66
959195,Наличен,-,48.32
941143,Наличен,-,48.32
951022,Наличен,-,55.73
935315,Наличен,-,68.00
261331,Наличен,-,68.00
948100,Наличен,-,61.36
948101,Наличен,-,61.36
953609,Наличен,-,94.33
957790,Наличен,-,75.92
957791,Наличен,-,75.92
957893,Наличен,-,103.46
957890,Неналичен,-,130.23
950390,Наличен,-,44.99
100918,Неналичен,-,26.54
954953,Наличен,-,40.39
261314,Наличен,-,40.39
956386,Наличен,-,40.39
261315,Наличен,-,40.39
952695,Наличен,-,18.66
952696,Наличен,-,18.66
942584,Наличен,-,5.22
942583,Наличен,-,6.39
942582,Наличен,-,7.93
942581,Наличен,-,8.79
942580,Наличен,-,9.31
942170,Наличен,-,20.71
954952,Наличен,-,25.31
261313,Наличен,-,25.31
956387,Наличен,-,25.31
261327,Наличен,-,25.31
261323,Наличен,-,16.31
261322,Наличен,-,16.31
261306,Наличен,-,16.31
261308,Наличен,-,12.22
261310,Наличен,-,16.11
261321,Наличен,-,17.49
261320,Наличен,-,17.49
920328,Неналичен,-,25.97
261328,Неналичен,-,25.97
261329,Наличен,-,29.65
261330,Наличен,-,29.65
261333,Наличен,-,8.08
920329,Наличен,-,7.82
920312,Наличен,-,29.30
920326,Наличен,-,15.29
920327,Наличен,-,15.29
920316,Наличен,-,20.40
925489,Наличен,-,29.35
936639,Наличен,-,29.35
929847,Наличен,-,17.49
929838,Наличен,-,22.45
957988,Наличен,-,22.45
261311,Наличен,-,19.43
925488,Наличен,-,21.73
925487,Наличен,-,21.73
261326,Наличен,-,22.65
261325,Наличен,-,22.65
261324,Наличен,-,22.65
261332,Наличен,-,14.78
921356,Наличен,-,14.78
932968,Наличен,-,17.84
932969,Наличен,-,17.84
930494,Наличен,-,45.50
930495,Наличен,-,45.50
932660,Наличен,-,33.95
935196,Наличен,-,62.89
936163,Наличен,-,5.11
936164,Наличен,-,5.11
936165,Наличен,-,5.11
936163,Наличен,-,5.11
939607,Наличен,-,8.03
939608,Наличен,-,8.03
941610,Наличен,-,29.65
954029,Наличен,-,29.65
942838,Наличен,-,94.33
941614,Неналичен,-,13.04
942439,Наличен,-,33.23
945544,Наличен,-,7.41
944507,Наличен,-,20.40
950965,Наличен,-,5.57
924899,Наличен,-,5.57
922380,Наличен,-,2.15
922381,Наличен,-,9.61
922383,Наличен,-,9.61
947936,Наличен,-,12.80
949236,Неналичен,-,11.00
946431,Наличен,-,38.35
948060,Наличен,-,38.35
948200,Наличен,-,41.93
948201,Наличен,-,22.24
948202,Наличен,-,22.24
948203,Наличен,-,29.65
948204,Наличен,-,29.65
950042,Наличен,-,27.10
950357,Наличен,-,22.24
950358,Наличен,-,22.24
950878,Наличен,-,65.96
951021,Наличен,-,12.22
951251,Наличен,-,48.57
929844,Наличен,-,18.92
100927,Наличен,-,19.33
100928,Неналичен,-,14.21
932273,Неналичен,-,11.15
932274,Наличен,-,16.51
932256,Неналичен,-,27.61
932257,Неналичен,-,27.61
932275,Наличен,-,23.60
934015,Наличен,-,11.30
939031,Наличен,-,35.79
943193,Неналичен,-,20.40
944293,Неналичен,-,21.88
948369,Наличен,-,49.00
949399,Наличен,-,14.98
949780,Наличен,-,17.99
948126,Неналичен,-,19.68
261335,Наличен,-,18.92
261338,Наличен,-,19.89
261341,Наличен,-,28.63
261339,Наличен,-,21.42
920313,Наличен,-,22.75
920310,Наличен,-,28.30
920311,Наличен,-,31.20
921325,Наличен,-,27.05
923336,Наличен,-,31.80
923337,Наличен,-,35.60
929848,Наличен,-,19.46
928807,Наличен,-,17.90
937919,Наличен,-,19.94
939090,Наличен,-,28.99
939091,Наличен,-,28.99
939053,Неналичен,-,64.42
938316,Наличен,-,65.00
941318,Наличен,-,8.59
941316,Наличен,-,8.59
941320,Наличен,-,42.28
936729,Наличен,-,33.16
943950,Неналичен,-,38.35
942438,Наличен,-,21.12
939612,Наличен,-,117.60
944231,Наличен,-,13.75
944232,Наличен,-,13.75
944508,Неналичен,-,41.47
960793,Наличен,-,32.21
960803,Неналичен,-,16.11
960774,Наличен,-,19.17
960959,Неналичен,-,33.23
950484,Наличен,-,70.41
950486,Наличен,-,23.01
950487,Наличен,-,23.01
950546,Наличен,-,23.01
960800,Наличен,-,13.04
950590,Неналичен,-,74.14
950553,Наличен,-,24.85
100907,Неналичен,-,3.68
100908,Наличен,-,1.33
100909,Наличен,-,3.48
100911,Неналичен,-,3.02
100912,Наличен,-,2.15
100920,Неналичен,-,9.97
100921,Наличен,-,7.57
100924,Неналичен,-,9.97
100929,Наличен,-,9.97
951385,Наличен,-,14.50
951384,Наличен,-,14.50
924606,Наличен,-,11.00
921166,Наличен,-,2.56
921134,Наличен,-,3.22
921133,Наличен,-,2.30
921135,Наличен,-,3.68
921136,Наличен,-,13.04
923344,Наличен,-,19.33
932279,Неналичен,-,0.72
932282,Наличен,-,0.77
932283,Наличен,-,0.77
932284,Наличен,-,0.77
932280,Наличен,-,0.77
932285,Наличен,-,1.69
932288,Наличен,-,1.79
932289,Наличен,-,1.69
932294,Наличен,-,1.12
932272,Наличен,-,6.90
920602,Наличен,-,0.97
932177,Неналичен,-,1.43
932178,Наличен,-,1.33
932179,Неналичен,-,1.18
932180,Наличен,-,1.94
932181,Наличен,-,2.30
932183,Неналичен,-,2.30
932184,Наличен,-,2.30
932185,Неналичен,-,2.51
932187,Наличен,-,12.27
932188,Наличен,-,9.61
932190,Неналичен,-,7.57
937168,Наличен,-,1.99
100910,Наличен,-,3.22
932125,Наличен,-,6.39
932124,Наличен,-,11.91
924603,Наличен,-,7.57
924604,Наличен,-,3.07
251630,Наличен,-,1.94
939729,Наличен,-,10.52
939730,Наличен,-,13.96
251634,Наличен,-,8.08
251628,Наличен,-,1.50
251625,Наличен,-,1.69
921158,Наличен,-,8.90
251629,Наличен,-,3.80
921157,Наличен,-,5.30
921159,Наличен,-,1.80
921161,Наличен,-,2.25
956444,Неналичен,-,122.71
956446,Неналичен,-,219.86
956447,Наличен,-,301.66
954248,Неналичен,-,186.62
944977,Неналичен,-,3.83
944978,Неналичен,-,3.83
944979,Неналичен,-,3.83
945768,Наличен,-,2.86
947175,Неналичен,-,18.30
947049,Неналичен,-,27.10
947398,Наличен,-,4.24
947397,Наличен,-,2.30
947822,Неналичен,-,2.97
947821,Наличен,-,6.29
947820,Наличен,-,6.90
948598,Наличен,-,12.73
959385,Наличен,-,135.49
954247,Наличен,-,189.00
949235,Наличен,-,18.00
949459,Наличен,-,41.41
950080,Наличен,-,27.57
950081,Наличен,-,27.57
948408,Наличен,-,12.78
924602,Наличен,-,22.50
100917,Неналичен,-,17.33
100923,Неналичен,-,40.90
100925,Неналичен,-,53.69
921154,Наличен,-,15.80
100916,Неналичен,-,11.35
932263,Наличен,-,10.38
937949,Неналичен,-,44.99
251616,Наличен,-,9.80
944361,Наличен,-,107.73
947823,Наличен,-,9.61
376016,Наличен,-,2.05
960384,Неналичен,-,33.23
952021,Наличен,-,26.33
950984,Наличен,-,12.02
950985,Наличен,-,12.02
948390,Наличен,-,76.18
948385,Наличен,-,21.47
948386,Наличен,-,21.47
948383,Наличен,-,27.10
948384,Наличен,-,27.10
945351,Наличен,-,33.23
947012,Неналичен,-,68.10
947013,Наличен,-,76.38
942434,Наличен,-,215.82
939713,Наличен,-,39.88
939712,Неналичен,-,36.81
939710,Наличен,-,47.04
936156,Наличен,-,34.77
932565,Наличен,-,29.04
932560,Наличен,-,68.72
932561,Наличен,-,15.50
390603,Неналичен,-,11.86
390604,Неналичен,-,11.86
390605,Неналичен,-,11.86
390606,Неналичен,-,11.86
390615,Наличен,-,13.55
927160,Наличен,-,29.65
927159,Наличен,-,24.95
925625,Наличен,-,28.12
390613,Наличен,-,33.23
922214,Неналичен,-,9.00
922215,Неналичен,-,12.17
920339,Наличен,-,18.66
920340,Наличен,-,18.66
921151,Наличен,-,18.66
948395,Наличен,-,8.59
948396,Наличен,-,8.59
948393,Наличен,-,6.14
948394,Наличен,-,6.14
948391,Наличен,-,4.60
948392,Наличен,-,4.60
948398,Наличен,-,18.41
949239,Наличен,-,23.01
947578,Неналичен,-,17.13
947579,Неналичен,-,17.13
948381,Наличен,-,14.32
948382,Наличен,-,14.32
948379,Наличен,-,12.27
948380,Наличен,-,12.27
947404,Неналичен,-,3.99
947405,Неналичен,-,3.99
936157,Неналичен,-,7.31
932175,Неналичен,-,14.32
932564,Неналичен,-,14.32
920464,Наличен,-,6.14
930238,Наличен,-,11.04
930239,Наличен,-,11.04
925628,Неналичен,-,9.00
925626,Наличен,-,11.40
390612,Наличен,-,10.48
934250,Наличен,-,10.63
922220,Наличен,-,10.63
390607,Наличен,-,8.18
925810,Наличен,-,13.50
925811,Наличен,-,13.50
925812,Наличен,-,13.50
925813,Наличен,-,15.30
925814,Наличен,-,15.30
945099,Неналичен,-,5.11
928236,Неналичен,-,17.49
945878,Неналичен,-,17.49
929981,Наличен,-,18.92
929982,Наличен,-,18.92
938302,Наличен,-,10.99
925630,Наличен,-,5.57
948313,Наличен,-,20.76
948706,Наличен,-,10.23
927023,Наличен,-,9.82
932311,Наличен,-,3.17
936120,Наличен,-,4.35
936121,Наличен,-,4.35
936122,Неналичен,-,3.99
947350,Неналичен,-,3.48
947351,Неналичен,-,3.48
949775,Наличен,-,28.12
950043,Наличен,-,28.12
920335,Неналичен,-,36.81
920336,Неналичен,-,36.81
922996,Наличен,-,21.22
922997,Неналичен,-,17.90
381511,Неналичен,-,6.95
381512,Неналичен,-,6.95
381513,Неналичен,-,6.95
927298,Наличен,-,23.31
927299,Наличен,-,23.31
927300,Наличен,-,22.91
927301,Наличен,-,22.91
261409,Наличен,-,5.88
261410,Наличен,-,5.88
261411,Наличен,-,5.88
261412,Наличен,-,5.88
261413,Наличен,-,5.88
933201,Наличен,-,5.88
950387,Наличен,-,5.90
950388,Наличен,-,5.90
961608,Наличен,-,5.90
947085,Наличен,-,6.18
945926,Наличен,-,6.39
945916,Наличен,-,6.39
945944,Наличен,-,3.17
945945,Наличен,-,3.17
945946,Наличен,-,3.17
945947,Наличен,-,3.17
945948,Наличен,-,3.17
945949,Наличен,-,3.17
945950,Наличен,-,3.17
945951,Наличен,-,3.17
946805,Наличен,-,3.00
946806,Наличен,-,3.00
946807,Наличен,-,3.00
946808,Наличен,-,3.00
946809,Наличен,-,3.00
946810,Наличен,-,3.00
946811,Наличен,-,3.00
945908,Наличен,-,3.00
945909,Наличен,-,3.00
945910,Наличен,-,3.00
945911,Наличен,-,3.00
945912,Наличен,-,3.00
945914,Наличен,-,3.00
945894,Наличен,-,7.08
958444,Наличен,-,3.20
956851,Наличен,-,3.20
945789,Наличен,-,3.20
945790,Наличен,-,3.20
945791,Наличен,-,3.20
945792,Наличен,-,3.20
945793,Наличен,-,3.20
945794,Наличен,-,3.20
945795,Наличен,-,3.20
945796,Наличен,-,3.20
941131,Наличен,-,1.30
941132,Наличен,-,1.30
941133,Наличен,-,1.30
941134,Наличен,-,1.30
941135,Наличен,-,1.30
941136,Наличен,-,1.30
941137,Наличен,-,1.30
941138,Наличен,-,1.30
941139,Наличен,-,1.30
941140,Наличен,-,1.30
941490,Наличен,-,3.53
941491,Наличен,-,3.53
937065,Наличен,-,3.60
943600,Наличен,-,3.60
943601,Наличен,-,3.60
937066,Наличен,-,3.60
937067,Наличен,-,3.60
937068,Наличен,-,3.60
937069,Наличен,-,3.60
937070,Наличен,-,3.60
937071,Наличен,-,3.60
937072,Наличен,-,3.60
937058,Наличен,-,5.90
937059,Наличен,-,5.90
937060,Наличен,-,5.90
937061,Наличен,-,5.90
937062,Наличен,-,5.90
937063,Наличен,-,5.90
937064,Наличен,-,5.90
937051,Наличен,-,5.90
937052,Наличен,-,5.90
937053,Наличен,-,5.90
937054,Наличен,-,5.90
937055,Наличен,-,5.90
937056,Наличен,-,5.90
937057,Наличен,-,5.90
937047,Наличен,-,5.90
937048,Наличен,-,5.90
937049,Наличен,-,5.90
937050,Наличен,-,5.90
937023,Наличен,-,6.00
937024,Наличен,-,6.00
937025,Наличен,-,6.00
937026,Наличен,-,6.00
940435,Наличен,-,4.20
940436,Наличен,-,4.20
940437,Наличен,-,4.20
940438,Наличен,-,4.20
940439,Наличен,-,4.20
937019,Наличен,-,4.20
937020,Наличен,-,4.20
937021,Наличен,-,4.20
937022,Наличен,-,4.20
954352,Наличен,-,2.80
954353,Наличен,-,2.80
954354,Наличен,-,2.80
954355,Наличен,-,2.80
937010,Наличен,-,2.80
937011,Наличен,-,2.80
937012,Наличен,-,2.80
937013,Наличен,-,2.80
937014,Наличен,-,2.80
937000,Наличен,-,5.30
937001,Наличен,-,5.30
937002,Наличен,-,5.30
937003,Наличен,-,5.30
937004,Наличен,-,5.30
937073,Наличен,-,5.30
937074,Наличен,-,5.30
937075,Наличен,-,5.30
922883,Наличен,-,2.15
935956,Наличен,-,2.15
928303,Наличен,-,2.30
935611,Наличен,-,2.30
935612,Наличен,-,2.30
928301,Наличен,-,2.30
928302,Наличен,-,2.30
937262,Наличен,-,8.85
935145,Наличен,-,8.85
935146,Наличен,-,8.85
935147,Наличен,-,8.85
935171,Наличен,-,2.81
935172,Наличен,-,2.81
935173,Наличен,-,2.81
935134,Наличен,-,2.81
935133,Наличен,-,2.81
935132,Наличен,-,2.81
935131,Наличен,-,2.81
942682,Наличен,-,2.81
935130,Наличен,-,2.81
935129,Наличен,-,2.81
935128,Наличен,-,2.81
935127,Наличен,-,2.81
935126,Наличен,-,2.81
942683,Наличен,-,2.81
942684,Наличен,-,2.81
935266,Наличен,-,3.17
935125,Наличен,-,3.17
935267,Наличен,-,3.17
935124,Наличен,-,3.17
935123,Наличен,-,3.17
935122,Наличен,-,3.17
935121,Наличен,-,3.17
935120,Наличен,-,3.17
935119,Наличен,-,3.17
935118,Наличен,-,3.17
942681,Наличен,-,3.17
935117,Наличен,-,3.17
935116,Наличен,-,3.17
934829,Наличен,-,0.41
934830,Наличен,-,0.41
934831,Наличен,-,0.41
934832,Наличен,-,0.41
375138,Неналичен,-,9.10
374498,Наличен,-,1.37
374499,Наличен,-,1.37
921077,Наличен,-,2.20
921078,Наличен,-,2.20
921076,Наличен,-,2.20
921079,Наличен,-,2.20
921080,Наличен,-,2.20
927946,Наличен,-,2.20
927947,Наличен,-,2.20
921069,Наличен,-,3.32
921071,Наличен,-,5.50
921072,Наличен,-,7.00
955278,Наличен,-,7.11
955279,Наличен,-,7.11
955280,Наличен,-,7.11
947343,Наличен,-,16.11
940833,Наличен,-,17.49
939477,Наличен,-,2.97
925114,Наличен,-,3.60
926166,Наличен,-,2.81
926167,Наличен,-,2.20
925117,Наличен,-,1.90
926161,Наличен,-,3.58
926476,Наличен,-,3.22
926162,Наличен,-,3.02
926163,Наличен,-,3.02
926164,Наличен,-,3.02
926165,Наличен,-,3.02
921541,Наличен,-,6.54
301113,Наличен,-,2.15
301112,Наличен,-,1.94
926581,Наличен,-,9.31
926580,Наличен,-,8.44
926579,Наличен,-,8.00
926578,Наличен,-,11.50
922668,Наличен,-,7.50
921736,Наличен,-,14.78
921737,Наличен,-,14.78
921735,Наличен,-,10.99
942013,Неналичен,-,9.00
939035,Наличен,-,25.05
928749,Неналичен,-,6.08
952669,Неналичен,-,7.30
943905,Наличен,-,13.96
944131,Наличен,-,17.90
939030,Неналичен,-,23.30
924421,Неналичен,-,7.41
935809,Неналичен,-,7.41
932000,Наличен,-,14.50
925769,Неналичен,-,9.15
920745,Неналичен,-,17.33
928750,Наличен,-,1.33
371201,Наличен,-,5.90
371242,Наличен,-,1.64
921367,Наличен,-,5.22
920771,Наличен,-,5.22
922667,Наличен,-,2.71
374189,Наличен,-,0.66
374190,Наличен,-,0.66
370609,Наличен,-,0.61
370610,Наличен,-,0.41
374103,Наличен,-,0.66
370611,Наличен,-,0.97
374812,Наличен,-,1.94
374105,Наличен,-,0.82
931460,Наличен,-,29.65
374422,Наличен,-,5.52
376919,Наличен,-,6.14
920350,Наличен,-,33.23
920773,Наличен,-,7.57
929818,Наличен,-,7.60
946866,Наличен,-,21.42
944989,Наличен,-,13.90
371701,Наличен,-,8.18
945522,Наличен,-,48.57
948352,Наличен,-,11.34
922379,Наличен,-,3.99
925624,Наличен,-,5.42
949815,Наличен,-,7.77
949816,Наличен,-,7.77
950199,Неналичен,-,12.88
950697,Неналичен,-,12.88
950596,Наличен,-,7.06
932948,Наличен,-,6.44
929590,Наличен,-,21.20
375198,Наличен,-,2.20
370623,Наличен,-,3.32
928751,Наличен,-,3.22
374461,Наличен,-,4.50
374472,Наличен,-,9.31
374473,Наличен,-,9.31
374439,Наличен,-,6.70
374173,Наличен,-,7.77
374465,Наличен,-,2.15
925759,Наличен,-,4.70
924344,Наличен,-,28.12
924345,Наличен,-,28.12
925045,Наличен,-,13.80
924346,Наличен,-,16.36
948020,Наличен,-,16.82
925049,Неналичен,-,5.37
929504,Наличен,-,11.35
924348,Наличен,-,34.77
961009,Наличен,-,25.16
932036,Наличен,-,30.43
926495,Наличен,-,18.82
932554,Наличен,-,18.82
936492,Неналичен,-,18.30
936494,Наличен,-,26.93
937391,Наличен,-,70.15
937393,Наличен,-,42.23
937394,Неналичен,-,35.79
937399,Наличен,-,8.59
937395,Наличен,-,30.06
937396,Наличен,-,30.06
937603,Наличен,-,7.80
938318,Наличен,-,9.97
943903,Наличен,-,30.68
939039,Наличен,-,30.68
943904,Наличен,-,30.68
939049,Наличен,-,16.31
939036,Наличен,-,29.65
939034,Неналичен,-,8.59
939239,Наличен,-,31.07
939237,Наличен,-,7.52
939236,Наличен,-,2.71
938383,Наличен,-,9.71
925763,Наличен,-,53.69
924349,Наличен,-,24.70
940297,Наличен,-,16.00
942011,Наличен,-,22.09
942009,Неналичен,-,42.44
945093,Наличен,-,3.94
945094,Наличен,-,3.94
947053,Неналичен,-,5.78
946868,Неналичен,-,11.15
946867,Наличен,-,38.86
950592,Наличен,-,38.86
946869,Наличен,-,3.99
948593,Наличен,-,6.80
948606,Наличен,-,5.22
950200,Наличен,-,20.40
950507,Наличен,-,6.29
950508,Наличен,-,6.29
950509,Наличен,-,6.29
950506,Наличен,-,24.95
950597,Неналичен,-,13.20
938317,Неналичен,-,13.20
950598,Наличен,-,11.40
930241,Наличен,-,6.39
951274,Наличен,-,0.97
951275,Наличен,-,0.97
928715,Наличен,-,0.97
951278,Наличен,-,1.53
951279,Наличен,-,1.53
952804,Неналичен,-,2.30
949851,Наличен,-,1.53
949852,Наличен,-,1.53
949853,Наличен,-,1.53
949854,Наличен,-,1.53
949855,Наличен,-,1.53
949849,Наличен,-,1.53
949850,Наличен,-,1.53
949845,Наличен,-,1.53
949846,Наличен,-,1.53
949847,Наличен,-,1.53
949848,Наличен,-,1.53
952051,Наличен,-,1.53
949844,Наличен,-,1.53
949464,Наличен,-,4.50
946886,Наличен,-,1.28
946887,Наличен,-,1.28
945629,Наличен,-,1.28
945628,Наличен,-,1.28
945622,Наличен,-,1.28
945623,Наличен,-,1.28
945624,Наличен,-,1.28
945625,Наличен,-,1.28
945626,Наличен,-,1.28
945627,Наличен,-,1.28
942850,Наличен,-,1.53
942851,Наличен,-,1.53
934879,Наличен,-,1.53
933221,Наличен,-,1.53
933222,Наличен,-,1.53
281005,Наличен,-,1.28
281007,Наличен,-,1.28
281014,Наличен,-,1.53
281013,Наличен,-,1.53
934882,Наличен,-,1.28
935552,Наличен,-,1.28
281012,Наличен,-,1.28
280910,Наличен,-,1.28
280909,Наличен,-,1.28
280908,Наличен,-,1.28
280907,Наличен,-,1.28
280906,Наличен,-,1.28
927381,Наличен,-,1.28
927383,Наличен,-,1.28
928777,Наличен,-,1.28
958782,Наличен,-,1.28
958783,Наличен,-,1.28
280905,Наличен,-,1.28
280994,Наличен,-,1.28
280993,Наличен,-,1.28
280992,Наличен,-,1.28
280991,Наличен,-,1.28
926057,Наличен,-,1.28
926056,Наличен,-,1.28
280911,Наличен,-,1.53
280902,Наличен,-,1.53
280903,Наличен,-,1.53
280904,Наличен,-,1.53
280997,Наличен,-,1.53
280995,Наличен,-,1.53
280901,Наличен,-,1.53
280863,Наличен,-,1.53
280996,Наличен,-,1.53
280985,Наличен,-,1.53
280969,Наличен,-,1.53
280970,Наличен,-,1.53
942248,Наличен,-,0.40
280873,Наличен,-,1.53
280874,Наличен,-,1.53
280983,Наличен,-,1.53
939597,Наличен,-,3.07
939598,Наличен,-,3.07
939599,Наличен,-,3.07
939600,Наличен,-,3.07
934075,Наличен,-,1.99
934076,Наличен,-,1.99
934077,Наличен,-,1.99
942245,Наличен,-,0.39
942246,Наличен,-,0.39
280871,Наличен,-,1.53
280872,Наличен,-,1.53
931340,Наличен,-,0.92
931341,Наличен,-,0.92
931342,Наличен,-,0.92
280864,Наличен,-,1.53
280865,Наличен,-,1.53
280866,Наличен,-,1.53
280867,Наличен,-,1.53
280868,Наличен,-,1.53
280869,Наличен,-,1.53
280870,Наличен,-,1.53
930356,Наличен,-,2.30
930357,Наличен,-,2.30
930358,Наличен,-,2.30
930359,Наличен,-,2.30
952803,Наличен,-,2.30
930350,Наличен,-,2.61
930351,Наличен,-,2.61
930352,Наличен,-,2.61
930353,Наличен,-,2.61
930354,Наличен,-,2.61
930355,Наличен,-,2.61
280976,Наличен,-,1.53
280975,Наличен,-,1.53
280974,Наличен,-,1.53
938871,Наличен,-,2.51
938872,Наличен,-,2.51
938873,Наличен,-,2.51
938874,Наличен,-,2.51
938875,Наличен,-,2.51
930344,Наличен,-,1.53
930345,Наличен,-,1.53
930346,Наличен,-,1.53
930347,Наличен,-,1.53
930348,Наличен,-,1.53
930349,Наличен,-,1.53
280980,Наличен,-,1.53
280979,Наличен,-,1.53
280978,Наличен,-,1.53
280977,Наличен,-,1.53
938867,Наличен,-,2.51
938868,Наличен,-,2.51
938869,Наличен,-,2.51
938870,Наличен,-,2.51
930343,Наличен,-,2.00
930342,Наличен,-,2.00
924908,Наличен,-,1.53
924909,Наличен,-,1.53
924910,Наличен,-,1.53
924911,Наличен,-,1.53
938864,Наличен,-,6.80
938865,Наличен,-,6.80
938866,Наличен,-,6.80
930316,Наличен,-,2.30
930317,Наличен,-,2.30
930318,Наличен,-,2.30
930319,Наличен,-,2.30
930320,Наличен,-,2.30
930321,Наличен,-,2.30
930322,Наличен,-,2.30
280862,Наличен,-,1.28
280861,Наличен,-,1.28
280984,Наличен,-,1.28
280860,Наличен,-,1.28
922079,Наличен,-,1.28
922078,Наличен,-,1.28
922081,Наличен,-,1.28
938863,Наличен,-,4.65
930304,Наличен,-,2.71
930305,Наличен,-,2.71
930306,Наличен,-,2.71
930307,Наличен,-,2.71
930308,Наличен,-,2.71
930309,Наличен,-,2.71
930310,Наличен,-,2.71
930311,Наличен,-,2.71
930312,Наличен,-,2.71
930301,Наличен,-,2.56
930302,Наличен,-,2.56
930303,Наличен,-,2.56
926052,Наличен,-,1.53
926053,Наличен,-,1.53
926054,Наличен,-,1.53
926055,Наличен,-,1.53
927829,Наличен,-,5.32
927830,Наличен,-,5.32
927831,Наличен,-,5.32
930289,Наличен,-,5.37
930290,Наличен,-,5.37
930291,Наличен,-,5.37
930292,Наличен,-,5.37
280887,Наличен,-,1.28
280888,Наличен,-,1.28
280889,Наличен,-,1.28
280890,Наличен,-,1.28
280891,Наличен,-,1.28
280892,Наличен,-,1.28
280893,Наличен,-,1.28
280894,Наличен,-,1.28
280895,Наличен,-,1.28
280896,Наличен,-,1.28
280897,Наличен,-,1.28
930285,Наличен,-,4.60
930286,Наличен,-,4.60
930287,Наличен,-,4.60
930288,Наличен,-,4.60
280875,Наличен,-,1.28
280876,Наличен,-,1.28
280877,Наличен,-,1.28
280878,Наличен,-,1.28
280879,Наличен,-,1.28
280880,Наличен,-,1.28
280881,Наличен,-,1.28
280882,Наличен,-,1.28
280883,Наличен,-,1.28
280884,Наличен,-,1.28
280885,Наличен,-,1.28
929240,Наличен,-,2.50
929241,Наличен,-,2.50
929242,Наличен,-,2.50
928743,Наличен,-,2.50
930329,Наличен,-,2.81
934343,Наличен,-,2.81
930330,Наличен,-,2.81
930331,Наличен,-,2.81
930332,Наличен,-,2.81
930333,Наличен,-,2.81
930334,Наличен,-,2.81
930335,Наличен,-,2.81
930336,Наличен,-,2.81
930337,Наличен,-,2.81
930338,Наличен,-,2.81
930339,Наличен,-,2.81
930340,Наличен,-,2.81
930341,Наличен,-,2.81
922005,Наличен,-,1.28
922006,Наличен,-,1.28
922007,Наличен,-,1.28
280981,Наличен,-,1.28
946885,Наличен,-,1.28
929238,Наличен,-,5.01
929239,Наличен,-,5.01
930323,Наличен,-,4.60
930324,Наличен,-,4.60
930325,Наличен,-,4.60
930326,Наличен,-,4.60
930327,Наличен,-,4.60
930328,Наличен,-,4.60
920608,Наличен,-,1.28
920607,Наличен,-,1.28
928629,Наличен,-,3.68
928630,Наличен,-,3.68
929244,Наличен,-,3.68
929245,Наличен,-,3.68
930313,Наличен,-,3.48
930314,Наличен,-,3.48
930315,Наличен,-,3.48
280913,Наличен,-,1.28
280914,Наличен,-,1.28
928243,Наличен,-,1.28
281008,Наличен,-,1.28
930293,Наличен,-,3.48
930294,Наличен,-,3.48
930295,Наличен,-,3.48
930296,Наличен,-,3.48
930297,Наличен,-,3.48
930298,Наличен,-,3.48
930299,Наличен,-,3.48
930300,Наличен,-,3.48
280859,Наличен,-,1.28
280858,Наличен,-,1.28
280857,Наличен,-,1.28
280982,Наличен,-,1.28
930280,Наличен,-,4.60
930281,Наличен,-,4.60
930282,Наличен,-,4.60
930283,Наличен,-,4.60
930284,Наличен,-,4.60
922008,Наличен,-,1.28
280917,Наличен,-,1.28
280916,Наличен,-,1.28
280915,Наличен,-,1.28
952058,Наличен,-,1.28
952057,Наличен,-,1.28
952056,Наличен,-,1.28
952055,Наличен,-,1.28
936223,Наличен,-,12.17
936225,Наличен,-,12.17
928143,Наличен,-,12.17
932199,Наличен,-,12.17
927521,Наличен,-,12.17
928144,Наличен,-,12.17
936126,Наличен,-,12.17
936577,Наличен,-,12.17
936578,Наличен,-,12.17
936579,Наличен,-,12.17
936222,Наличен,-,12.17
936224,Наличен,-,12.17
927518,Наличен,-,12.17
932198,Наличен,-,12.17
927519,Наличен,-,12.17
927520,Наличен,-,12.17
936125,Наличен,-,12.17
932134,Наличен,-,11.35
932135,Наличен,-,11.35
932136,Наличен,-,11.35
951266,Наличен,-,11.35
921963,Наличен,-,11.35
944044,Наличен,-,1.18
944045,Наличен,-,1.18
944046,Наличен,-,1.18
944047,Наличен,-,1.18
944084,Наличен,-,0.97
944098,Наличен,-,0.97
944085,Наличен,-,0.97
944086,Наличен,-,0.97
944099,Наличен,-,0.97
944100,Наличен,-,0.97
944087,Наличен,-,0.97
944101,Наличен,-,0.97
944197,Наличен,-,1.84
944195,Наличен,-,1.84
944193,Наличен,-,1.84
944196,Наличен,-,1.84
944194,Наличен,-,1.84
944652,Наличен,-,1.84
937947,Наличен,-,14.21
936392,Наличен,-,1.02
936391,Наличен,-,0.46
936390,Наличен,-,0.31
935272,Наличен,-,1.99
935750,Наличен,-,1.99
932176,Неналичен,-,18.36
932247,Наличен,-,0.41
932248,Наличен,-,0.41
932249,Наличен,-,0.41
932250,Наличен,-,0.41
938101,Наличен,-,0.41
932251,Наличен,-,0.41
949094,Наличен,-,0.41
949095,Наличен,-,0.41
949092,Наличен,-,0.41
949093,Наличен,-,0.41
925108,Наличен,-,33.23
949099,Наличен,-,0.97
949100,Наличен,-,0.97
949101,Наличен,-,0.97
376021,Наличен,-,0.97
376022,Наличен,-,0.97
376023,Наличен,-,0.97
932133,Наличен,-,0.97
932132,Наличен,-,0.97
949096,Наличен,-,0.97
949097,Наличен,-,0.97
949098,Наличен,-,0.97
949105,Наличен,-,0.97
949106,Наличен,-,0.97
949107,Наличен,-,0.97
376002,Наличен,-,0.97
376003,Наличен,-,0.97
376004,Наличен,-,0.97
932127,Наличен,-,0.97
932128,Наличен,-,0.97
949102,Наличен,-,0.97
949103,Наличен,-,0.97
949104,Наличен,-,0.97
930515,Наличен,-,3.32
930528,Наличен,-,0.92
930529,Наличен,-,0.92
930530,Наличен,-,0.92
930525,Наличен,-,0.48
930526,Наличен,-,0.48
930527,Наличен,-,0.48
941833,Наличен,-,0.48
930519,Наличен,-,0.92
930520,Наличен,-,0.92
930521,Наличен,-,0.92
930522,Наличен,-,0.92
930523,Наличен,-,0.92
930524,Наличен,-,0.92
930516,Наличен,-,0.77
930517,Наличен,-,0.77
930518,Наличен,-,0.77
930502,Наличен,-,0.92
930507,Наличен,-,0.92
930509,Наличен,-,0.92
930497,Наличен,-,0.92
930500,Наличен,-,0.92
944858,Наличен,-,0.92
930503,Наличен,-,0.72
930504,Наличен,-,0.72
930505,Наличен,-,0.72
930506,Наличен,-,0.72
930508,Наличен,-,0.72
930510,Наличен,-,0.72
930511,Наличен,-,0.72
930512,Наличен,-,0.72
930513,Наличен,-,0.72
930514,Наличен,-,0.72
930496,Наличен,-,0.72
930498,Наличен,-,0.72
930501,Наличен,-,0.72
941832,Наличен,-,0.72
942524,Наличен,-,2.51
941219,Наличен,-,12.99
941218,Наличен,-,52.92
942272,Наличен,-,2.45
942271,Наличен,-,1.07
942273,Наличен,-,1.07
943458,Неналичен,-,4.76
959585,Наличен,-,9.87
959586,Наличен,-,9.87
938855,Наличен,-,2.15
938856,Наличен,-,2.15
934742,Наличен,-,3.68
934743,Наличен,-,3.68
934744,Наличен,-,3.68
933906,Наличен,-,4.40
374454,Неналичен,-,1.84
374111,Наличен,-,1.43
374110,Наличен,-,1.64
930113,Наличен,-,8.95
930114,Наличен,-,8.95
930115,Наличен,-,8.95
930098,Наличен,-,159.52
937940,Наличен,-,1.64
927882,Наличен,-,1.64
927881,Наличен,-,1.64
921350,Наличен,-,0.31
921351,Наличен,-,0.31
921347,Наличен,-,7.41
946988,Наличен,-,85.90
374169,Наличен,-,25.56
374425,Наличен,-,1.64
950603,Наличен,-,5.37
950604,Наличен,-,5.37
950605,Наличен,-,5.37
950593,Наличен,-,22.14
